{
    "p": 0.048806034722557644,
    "q": 0.4536444581692746,
    "M": 156840.86889463713,
    "t_peak": 4.437173061678425
}